/*
Navicat MySQL Data Transfer

Source Server         : 本地
Source Server Version : 50717
Source Host           : localhost:3306
Source Database       : wx

Target Server Type    : MYSQL
Target Server Version : 50717
File Encoding         : 65001

Date: 2019-04-20 16:58:40
*/

SET FOREIGN_KEY_CHECKS=0;

-- ----------------------------
-- Table structure for `exchange`
-- ----------------------------
DROP TABLE IF EXISTS `exchange`;
CREATE TABLE `exchange` (
  `openid` varchar(64) NOT NULL COMMENT '用户标识',
  `resourcesid` int(11) NOT NULL COMMENT '资源标识',
  `resourcesname` varchar(120) NOT NULL,
  `resourcesintroduce` varchar(250) NOT NULL,
  `resourceslink` varchar(64) NOT NULL COMMENT '网盘地址',
  `resourcespassword` varchar(64) NOT NULL COMMENT '网盘密码',
  PRIMARY KEY (`openid`,`resourcesid`),
  UNIQUE KEY `exchange_index` (`openid`,`resourcesid`)
) ENGINE=InnoDB DEFAULT CHARSET=utf8 COMMENT='兑换明细表';

-- ----------------------------
-- Records of exchange
-- ----------------------------
INSERT INTO `exchange` VALUES ('o_TgL0TET3FID0mIi2QO-t1Jz-Kw', '619', '前端15', '资源介绍15', '资源链接15', '资源密码15');
INSERT INTO `exchange` VALUES ('o_TgL0TET3FID0mIi2QO-t1Jz-Kw', '897', '大数据293', '资源介绍293', '资源链接293', '资源密码293');

-- ----------------------------
-- Table structure for `message`
-- ----------------------------
DROP TABLE IF EXISTS `message`;
CREATE TABLE `message` (
  `messageid` int(10) unsigned NOT NULL AUTO_INCREMENT COMMENT '留言标识',
  `openid` varchar(64) NOT NULL COMMENT '用户标识',
  `content` varchar(128) NOT NULL COMMENT '留言内容',
  `date` varchar(24) NOT NULL COMMENT '留言时间',
  `approved` tinyint(4) NOT NULL DEFAULT '0' COMMENT '是否可用1表示可用',
  PRIMARY KEY (`messageid`),
  UNIQUE KEY `message_index` (`messageid`)
) ENGINE=InnoDB AUTO_INCREMENT=92 DEFAULT CHARSET=utf8 COMMENT='留言表';

-- ----------------------------
-- Records of message
-- ----------------------------
INSERT INTO `message` VALUES ('1', 'o_TgL0TET3FID0mIi2QO-t1Jz-Kw', '测试', '2019-2-6', '1');
INSERT INTO `message` VALUES ('2', 'o_TgL0TET3FID0mIi2QO-t1Jz-Kw', 'QQQQQ就会尽快发货开始导航会计核算抠脚大汉副科级的手机号奋达科技是否可见都是块级方式开会大富科技都是块级      会计核算大家好卡机山东矿机安徽省开奖号客家话客户打算客家话卡号是客家话 ', '2019-2-7', '1');
INSERT INTO `message` VALUES ('3', 'o_TgL0TET3FID0mIi2QO-t1Jz-Kw', 'ceshi测试', '2019-2-7', '1');
INSERT INTO `message` VALUES ('4', 'o_TgL0TET3FID0mIi2QO-t1Jz-Kw', '测试', '2019-2-7', '1');
INSERT INTO `message` VALUES ('5', 'o_TgL0TET3FID0mIi2QO-t1Jz-Kw', '测试', '2019-2-7', '1');
INSERT INTO `message` VALUES ('6', 'o_TgL0TET3FID0mIi2QO-t1Jz-Kw', '测试测试测试测试测试测试测试测试测试测试测试测试测试测试测试测试测试测试测试测试测试测试测试测试', '2019-2-7', '1');
INSERT INTO `message` VALUES ('7', 'o_TgL0TET3FID0mIi2QO-t1Jz-Kw', '测试测试测试测试测试测试测试测试测试测试测试测试测试测试测试测试测试测试测试测试测试测试测试测试', '2019-2-7', '1');
INSERT INTO `message` VALUES ('8', 'o_TgL0TET3FID0mIi2QO-t1Jz-Kw', '测试测试测试测试测试测试测试测试测试测试测试测试测试测试测试测试测试测试测试测试测试测试测试测试', '2019-2-7', '1');
INSERT INTO `message` VALUES ('9', 'o_TgL0TET3FID0mIi2QO-t1Jz-Kw', '测试测试测试测试测试测试测试测试测试测试测试测试测试测试测试测试测试测试测试测试测试测试测试测试', '2019-2-7', '1');
INSERT INTO `message` VALUES ('10', 'o_TgL0TET3FID0mIi2QO-t1Jz-Kw', '测试测试测试测试测试测试测试测试测试测试测试测试测试测试测试测试测试测试测试测试测试测试测试测试', '2019-2-7', '1');
INSERT INTO `message` VALUES ('11', 'o_TgL0TET3FID0mIi2QO-t1Jz-Kw', '测试测试测试测试测试测试测试测试测试测试测试测试测试测试测试测试测试测试测试测试测试测试测试测试', '2019-2-7', '1');
INSERT INTO `message` VALUES ('12', 'o_TgL0TET3FID0mIi2QO-t1Jz-Kw', '测试测试测试测试测试测试测试测试测试测试测试测试测试测试测试测试测试测试测试测试测试测试测试测试', '2019-2-7', '1');
INSERT INTO `message` VALUES ('13', 'o_TgL0TET3FID0mIi2QO-t1Jz-Kw', '测试测试测试测试测试测试测试测试测试测试测试测试测试测试测试测试测试测试测试测试测试测试测试测试', '2019-2-7', '1');
INSERT INTO `message` VALUES ('14', 'o_TgL0TET3FID0mIi2QO-t1Jz-Kw', '测试测试测试测试测试测试测试测试测试测试测试测试测试测试测试测试测试测试测试测试测试测试测试测试', '2019-2-7', '1');
INSERT INTO `message` VALUES ('28', 'o_TgL0TET3FID0mIi2QO-t1Jz-Kw', '测试测试测试测试测试测试测试测试测试测试测试测试测试测试测试测试测试测试测试测试测试测试测试测试', '2019-2-7', '1');
INSERT INTO `message` VALUES ('29', 'o_TgL0TET3FID0mIi2QO-t1Jz-Kw', '测试测试测试测试测试测试测试测试测试测试测试测试测试测试测试测试测试测试测试测试测试测试测试测试', '2019-2-7', '1');
INSERT INTO `message` VALUES ('30', 'o_TgL0TET3FID0mIi2QO-t1Jz-Kw', '测试测试测试测试测试测试测试测试测试测试测试测试测试测试测试测试测试测试测试测试测试测试测试测试', '2019-2-7', '1');
INSERT INTO `message` VALUES ('84', 'o_TgL0TET3FID0mIi2QO-t1Jz-Kw', '121212加油', '2019-2-8', '1');
INSERT INTO `message` VALUES ('85', 'o_TgL0TET3FID0mIi2QO-t1Jz-Kw', '1212121', '2019-2-7', '0');
INSERT INTO `message` VALUES ('86', 'o_TgL0TET3FID0mIi2QO-t1Jz-Kw', 'dsads', '2019-2-7', '0');
INSERT INTO `message` VALUES ('87', 'o_TgL0TET3FID0mIi2QO-t1Jz-Kw', 'fffff', '2019-2-7', '0');
INSERT INTO `message` VALUES ('88', 'o_TgL0TET3FID0mIi2QO-t1Jz-Kw', 'qqqwwwweeeerrrrr', '2019-2-7', '0');
INSERT INTO `message` VALUES ('89', 'o_TgL0TET3FID0mIi2QO-t1Jz-Kw', 'qqaazzz', '2019-2-7', '0');
INSERT INTO `message` VALUES ('90', 'o_TgL0TET3FID0mIi2QO-t1Jz-Kw', '45454', '2019-2-8', '0');
INSERT INTO `message` VALUES ('91', 'o_TgL0TET3FID0mIi2QO-t1Jz-Kw', 's', '2019-2-9', '0');

-- ----------------------------
-- Table structure for `resources`
-- ----------------------------
DROP TABLE IF EXISTS `resources`;
CREATE TABLE `resources` (
  `resourcesid` int(10) unsigned NOT NULL AUTO_INCREMENT COMMENT '资源标识',
  `name` varchar(120) NOT NULL COMMENT '资源名称',
  `photo` varchar(64) DEFAULT NULL COMMENT '资源图片',
  `introduce` varchar(250) DEFAULT NULL COMMENT '资源简介',
  `disklink` varchar(120) DEFAULT '' COMMENT '资源网盘链接',
  `diskpassword` varchar(12) DEFAULT NULL COMMENT '资源网盘密码',
  `needintegral` int(10) unsigned NOT NULL COMMENT '兑换资源需要的积分',
  `kindid` int(11) unsigned NOT NULL COMMENT '资源种类',
  `publish` varchar(40) DEFAULT NULL,
  `state` smallint(1) NOT NULL DEFAULT '1' COMMENT '资源状态,1标识可用',
  PRIMARY KEY (`resourcesid`),
  UNIQUE KEY `resources_index` (`resourcesid`)
) ENGINE=InnoDB AUTO_INCREMENT=905 DEFAULT CHARSET=utf8 COMMENT='资源表';

-- ----------------------------
-- Records of resources
-- ----------------------------
INSERT INTO `resources` VALUES ('604', '前端0', '图片路径0', '资源介绍0', '资源链接0', '资源密码0', '1', '1', '2019-1-27', '1');
INSERT INTO `resources` VALUES ('605', '后台1', '图片路径1', '资源介绍1', '资源链接1', '资源密码1', '2', '2', '2019-1-27', '1');
INSERT INTO `resources` VALUES ('606', '大数据2', '图片路径2', '资源介绍2', '资源链接2', '资源密码2', '3', '3', '2019-1-27', '1');
INSERT INTO `resources` VALUES ('607', '前端3', '图片路径3', '资源介绍3', '资源链接3', '资源密码3', '4', '1', '2019-1-27', '1');
INSERT INTO `resources` VALUES ('608', '后台4', '图片路径4', '资源介绍4', '资源链接4', '资源密码4', '5', '2', '2019-1-27', '1');
INSERT INTO `resources` VALUES ('609', '大数据5', '图片路径5', '资源介绍5', '资源链接5', '资源密码5', '6', '3', '2019-1-27', '1');
INSERT INTO `resources` VALUES ('610', '前端6', '图片路径6', '资源介绍6', '资源链接6', '资源密码6', '7', '1', '2019-1-27', '1');
INSERT INTO `resources` VALUES ('611', '后台7', '图片路径7', '资源介绍7', '资源链接7', '资源密码7', '8', '2', '2019-1-27', '1');
INSERT INTO `resources` VALUES ('612', '大数据8', '图片路径8', '资源介绍8', '资源链接8', '资源密码8', '9', '3', '2019-1-27', '1');
INSERT INTO `resources` VALUES ('613', '前端9', '图片路径9', '资源介绍9', '资源链接9', '资源密码9', '10', '1', '2019-1-27', '1');
INSERT INTO `resources` VALUES ('614', '后台10', '图片路径10', '资源介绍10', '资源链接10', '资源密码10', '11', '2', '2019-1-27', '1');
INSERT INTO `resources` VALUES ('615', '大数据11', '图片路径11', '资源介绍11', '资源链接11', '资源密码11', '12', '3', '2019-1-27', '1');
INSERT INTO `resources` VALUES ('616', '前端12', '图片路径12', '资源介绍12', '资源链接12', '资源密码12', '13', '1', '2019-1-27', '1');
INSERT INTO `resources` VALUES ('617', '后台13', '图片路径13', '资源介绍13', '资源链接13', '资源密码13', '14', '2', '2019-1-27', '1');
INSERT INTO `resources` VALUES ('618', '大数据14', '图片路径14', '资源介绍14', '资源链接14', '资源密码14', '15', '3', '2019-1-27', '1');
INSERT INTO `resources` VALUES ('619', '前端15', '图片路径15', '资源介绍15', '资源链接15', '资源密码15', '15', '1', '2019-1-27', '1');
INSERT INTO `resources` VALUES ('620', '后台16', '图片路径16', '资源介绍16', '资源链接16', '资源密码16', '16', '2', '2019-1-27', '1');
INSERT INTO `resources` VALUES ('621', '大数据17', '图片路径17', '资源介绍17', '资源链接17', '资源密码17', '18', '3', '2019-1-27', '1');
INSERT INTO `resources` VALUES ('622', '前端18', '图片路径18', '资源介绍18', '资源链接18', '资源密码18', '19', '1', '2019-1-27', '1');
INSERT INTO `resources` VALUES ('623', '后台19', '图片路径19', '资源介绍19', '资源链接19', '资源密码19', '20', '2', '2019-1-27', '1');
INSERT INTO `resources` VALUES ('624', '大数据20', '图片路径20', '资源介绍20', '资源链接20', '资源密码20', '21', '3', '2019-1-27', '1');
INSERT INTO `resources` VALUES ('625', '前端21', '图片路径21', '资源介绍21', '资源链接21', '资源密码21', '22', '1', '2019-1-27', '1');
INSERT INTO `resources` VALUES ('626', '后台22', '图片路径22', '资源介绍22', '资源链接22', '资源密码22', '23', '2', '2019-1-27', '1');
INSERT INTO `resources` VALUES ('627', '大数据23', '图片路径23', '资源介绍23', '资源链接23', '资源密码23', '24', '3', '2019-1-27', '1');
INSERT INTO `resources` VALUES ('628', '前端24', '图片路径24', '资源介绍24', '资源链接24', '资源密码24', '25', '1', '2019-1-27', '1');
INSERT INTO `resources` VALUES ('629', '后台25', '图片路径25', '资源介绍25', '资源链接25', '资源密码25', '26', '2', '2019-1-27', '1');
INSERT INTO `resources` VALUES ('630', '大数据26', '图片路径26', '资源介绍26', '资源链接26', '资源密码26', '27', '3', '2019-1-27', '1');
INSERT INTO `resources` VALUES ('631', '前端27', '图片路径27', '资源介绍27', '资源链接27', '资源密码27', '28', '1', '2019-1-27', '1');
INSERT INTO `resources` VALUES ('632', '后台28', '图片路径28', '资源介绍28', '资源链接28', '资源密码28', '29', '2', '2019-1-27', '1');
INSERT INTO `resources` VALUES ('633', '大数据29', '图片路径29', '资源介绍29', '资源链接29', '资源密码29', '30', '3', '2019-1-27', '1');
INSERT INTO `resources` VALUES ('634', '前端30', '图片路径30', '资源介绍30', '资源链接30', '资源密码30', '31', '1', '2019-1-27', '1');
INSERT INTO `resources` VALUES ('635', '后台31', '图片路径31', '资源介绍31', '资源链接31', '资源密码31', '32', '2', '2019-1-27', '1');
INSERT INTO `resources` VALUES ('636', '大数据32', '图片路径32', '资源介绍32', '资源链接32', '资源密码32', '33', '3', '2019-1-27', '1');
INSERT INTO `resources` VALUES ('637', '前端33', '图片路径33', '资源介绍33', '资源链接33', '资源密码33', '34', '1', '2019-1-27', '1');
INSERT INTO `resources` VALUES ('638', '后台34', '图片路径34', '资源介绍34', '资源链接34', '资源密码34', '35', '2', '2019-1-27', '1');
INSERT INTO `resources` VALUES ('639', '大数据35', '图片路径35', '资源介绍35', '资源链接35', '资源密码35', '36', '3', '2019-1-27', '1');
INSERT INTO `resources` VALUES ('640', '前端36', '图片路径36', '资源介绍36', '资源链接36', '资源密码36', '37', '1', '2019-1-27', '1');
INSERT INTO `resources` VALUES ('641', '后台37', '图片路径37', '资源介绍37', '资源链接37', '资源密码37', '38', '2', '2019-1-27', '1');
INSERT INTO `resources` VALUES ('642', '大数据38', '图片路径38', '资源介绍38', '资源链接38', '资源密码38', '39', '3', '2019-1-27', '1');
INSERT INTO `resources` VALUES ('643', '前端39', '图片路径39', '资源介绍39', '资源链接39', '资源密码39', '40', '1', '2019-1-27', '1');
INSERT INTO `resources` VALUES ('644', '后台40', '图片路径40', '资源介绍40', '资源链接40', '资源密码40', '41', '2', '2019-1-27', '1');
INSERT INTO `resources` VALUES ('645', '大数据41', '图片路径41', '资源介绍41', '资源链接41', '资源密码41', '42', '3', '2019-1-27', '1');
INSERT INTO `resources` VALUES ('646', '前端42', '图片路径42', '资源介绍42', '资源链接42', '资源密码42', '43', '1', '2019-1-27', '1');
INSERT INTO `resources` VALUES ('647', '后台43', '图片路径43', '资源介绍43', '资源链接43', '资源密码43', '44', '2', '2019-1-27', '1');
INSERT INTO `resources` VALUES ('648', '大数据44', '图片路径44', '资源介绍44', '资源链接44', '资源密码44', '45', '3', '2019-1-27', '1');
INSERT INTO `resources` VALUES ('649', '前端45', '图片路径45', '资源介绍45', '资源链接45', '资源密码45', '46', '1', '2019-1-27', '1');
INSERT INTO `resources` VALUES ('650', '后台46', '图片路径46', '资源介绍46', '资源链接46', '资源密码46', '47', '2', '2019-1-27', '1');
INSERT INTO `resources` VALUES ('651', '大数据47', '图片路径47', '资源介绍47', '资源链接47', '资源密码47', '48', '3', '2019-1-27', '1');
INSERT INTO `resources` VALUES ('652', '前端48', '图片路径48', '资源介绍48', '资源链接48', '资源密码48', '49', '1', '2019-1-27', '1');
INSERT INTO `resources` VALUES ('653', '后台49', '图片路径49', '资源介绍49', '资源链接49', '资源密码49', '50', '2', '2019-1-27', '1');
INSERT INTO `resources` VALUES ('654', '大数据50', '图片路径50', '资源介绍50', '资源链接50', '资源密码50', '51', '3', '2019-1-27', '1');
INSERT INTO `resources` VALUES ('655', '前端51', '图片路径51', '资源介绍51', '资源链接51', '资源密码51', '52', '1', '2019-1-27', '1');
INSERT INTO `resources` VALUES ('656', '后台52', '图片路径52', '资源介绍52', '资源链接52', '资源密码52', '53', '2', '2019-1-27', '1');
INSERT INTO `resources` VALUES ('657', '大数据53', '图片路径53', '资源介绍53', '资源链接53', '资源密码53', '54', '3', '2019-1-27', '1');
INSERT INTO `resources` VALUES ('658', '前端54', '图片路径54', '资源介绍54', '资源链接54', '资源密码54', '55', '1', '2019-1-27', '1');
INSERT INTO `resources` VALUES ('659', '后台55', '图片路径55', '资源介绍55', '资源链接55', '资源密码55', '56', '2', '2019-1-27', '1');
INSERT INTO `resources` VALUES ('660', '大数据56', '图片路径56', '资源介绍56', '资源链接56', '资源密码56', '57', '3', '2019-1-27', '1');
INSERT INTO `resources` VALUES ('661', '前端57', '图片路径57', '资源介绍57', '资源链接57', '资源密码57', '58', '1', '2019-1-27', '1');
INSERT INTO `resources` VALUES ('662', '后台58', '图片路径58', '资源介绍58', '资源链接58', '资源密码58', '59', '2', '2019-1-27', '1');
INSERT INTO `resources` VALUES ('663', '大数据59', '图片路径59', '资源介绍59', '资源链接59', '资源密码59', '60', '3', '2019-1-27', '1');
INSERT INTO `resources` VALUES ('664', '前端60', '图片路径60', '资源介绍60', '资源链接60', '资源密码60', '61', '1', '2019-1-27', '1');
INSERT INTO `resources` VALUES ('665', '后台61', '图片路径61', '资源介绍61', '资源链接61', '资源密码61', '62', '2', '2019-1-27', '1');
INSERT INTO `resources` VALUES ('666', '大数据62', '图片路径62', '资源介绍62', '资源链接62', '资源密码62', '63', '3', '2019-1-27', '1');
INSERT INTO `resources` VALUES ('667', '前端63', '图片路径63', '资源介绍63', '资源链接63', '资源密码63', '64', '1', '2019-1-27', '1');
INSERT INTO `resources` VALUES ('668', '后台64', '图片路径64', '资源介绍64', '资源链接64', '资源密码64', '65', '2', '2019-1-27', '1');
INSERT INTO `resources` VALUES ('669', '大数据65', '图片路径65', '资源介绍65', '资源链接65', '资源密码65', '66', '3', '2019-1-27', '1');
INSERT INTO `resources` VALUES ('670', '前端66', '图片路径66', '资源介绍66', '资源链接66', '资源密码66', '67', '1', '2019-1-27', '1');
INSERT INTO `resources` VALUES ('671', '后台67', '图片路径67', '资源介绍67', '资源链接67', '资源密码67', '68', '2', '2019-1-27', '1');
INSERT INTO `resources` VALUES ('672', '大数据68', '图片路径68', '资源介绍68', '资源链接68', '资源密码68', '69', '3', '2019-1-27', '1');
INSERT INTO `resources` VALUES ('673', '前端69', '图片路径69', '资源介绍69', '资源链接69', '资源密码69', '70', '1', '2019-1-27', '1');
INSERT INTO `resources` VALUES ('674', '后台70', '图片路径70', '资源介绍70', '资源链接70', '资源密码70', '71', '2', '2019-1-27', '1');
INSERT INTO `resources` VALUES ('675', '大数据71', '图片路径71', '资源介绍71', '资源链接71', '资源密码71', '72', '3', '2019-1-27', '1');
INSERT INTO `resources` VALUES ('676', '前端72', '图片路径72', '资源介绍72', '资源链接72', '资源密码72', '73', '1', '2019-1-27', '1');
INSERT INTO `resources` VALUES ('677', '后台73', '图片路径73', '资源介绍73', '资源链接73', '资源密码73', '74', '2', '2019-1-27', '1');
INSERT INTO `resources` VALUES ('678', '大数据74', '图片路径74', '资源介绍74', '资源链接74', '资源密码74', '75', '3', '2019-1-27', '1');
INSERT INTO `resources` VALUES ('679', '前端75', '图片路径75', '资源介绍75', '资源链接75', '资源密码75', '76', '1', '2019-1-27', '1');
INSERT INTO `resources` VALUES ('680', '后台76', '图片路径76', '资源介绍76', '资源链接76', '资源密码76', '77', '2', '2019-1-27', '1');
INSERT INTO `resources` VALUES ('681', '大数据77', '图片路径77', '资源介绍77', '资源链接77', '资源密码77', '78', '3', '2019-1-27', '1');
INSERT INTO `resources` VALUES ('682', '前端78', '图片路径78', '资源介绍78', '资源链接78', '资源密码78', '79', '1', '2019-1-27', '1');
INSERT INTO `resources` VALUES ('683', '后台79', '图片路径79', '资源介绍79', '资源链接79', '资源密码79', '80', '2', '2019-1-27', '1');
INSERT INTO `resources` VALUES ('684', '大数据80', '图片路径80', '资源介绍80', '资源链接80', '资源密码80', '81', '3', '2019-1-27', '1');
INSERT INTO `resources` VALUES ('685', '前端81', '图片路径81', '资源介绍81', '资源链接81', '资源密码81', '82', '1', '2019-1-27', '1');
INSERT INTO `resources` VALUES ('686', '后台82', '图片路径82', '资源介绍82', '资源链接82', '资源密码82', '83', '2', '2019-1-27', '1');
INSERT INTO `resources` VALUES ('687', '大数据83', '图片路径83', '资源介绍83', '资源链接83', '资源密码83', '84', '3', '2019-1-27', '1');
INSERT INTO `resources` VALUES ('688', '前端84', '图片路径84', '资源介绍84', '资源链接84', '资源密码84', '85', '1', '2019-1-27', '1');
INSERT INTO `resources` VALUES ('689', '后台85', '图片路径85', '资源介绍85', '资源链接85', '资源密码85', '86', '2', '2019-1-27', '1');
INSERT INTO `resources` VALUES ('690', '大数据86', '图片路径86', '资源介绍86', '资源链接86', '资源密码86', '87', '3', '2019-1-27', '1');
INSERT INTO `resources` VALUES ('691', '前端87', '图片路径87', '资源介绍87', '资源链接87', '资源密码87', '88', '1', '2019-1-27', '1');
INSERT INTO `resources` VALUES ('692', '后台88', '图片路径88', '资源介绍88', '资源链接88', '资源密码88', '89', '2', '2019-1-27', '1');
INSERT INTO `resources` VALUES ('693', '大数据89', '图片路径89', '资源介绍89', '资源链接89', '资源密码89', '90', '3', '2019-1-27', '1');
INSERT INTO `resources` VALUES ('694', '前端90', '图片路径90', '资源介绍90', '资源链接90', '资源密码90', '91', '1', '2019-1-27', '1');
INSERT INTO `resources` VALUES ('695', '后台91', '图片路径91', '资源介绍91', '资源链接91', '资源密码91', '92', '2', '2019-1-27', '1');
INSERT INTO `resources` VALUES ('696', '大数据92', '图片路径92', '资源介绍92', '资源链接92', '资源密码92', '93', '3', '2019-1-27', '1');
INSERT INTO `resources` VALUES ('697', '前端93', '图片路径93', '资源介绍93', '资源链接93', '资源密码93', '94', '1', '2019-1-27', '1');
INSERT INTO `resources` VALUES ('698', '后台94', '图片路径94', '资源介绍94', '资源链接94', '资源密码94', '95', '2', '2019-1-27', '1');
INSERT INTO `resources` VALUES ('699', '大数据95', '图片路径95', '资源介绍95', '资源链接95', '资源密码95', '96', '3', '2019-1-27', '1');
INSERT INTO `resources` VALUES ('700', '前端96', '图片路径96', '资源介绍96', '资源链接96', '资源密码96', '97', '1', '2019-1-27', '1');
INSERT INTO `resources` VALUES ('701', '后台97', '图片路径97', '资源介绍97', '资源链接97', '资源密码97', '98', '2', '2019-1-27', '1');
INSERT INTO `resources` VALUES ('702', '大数据98', '图片路径98', '资源介绍98', '资源链接98', '资源密码98', '99', '3', '2019-1-27', '1');
INSERT INTO `resources` VALUES ('703', '前端99', '图片路径99', '资源介绍99', '资源链接99', '资源密码99', '100', '1', '2019-1-27', '1');
INSERT INTO `resources` VALUES ('704', '后台100', '图片路径100', '资源介绍100', '资源链接100', '资源密码100', '101', '2', '2019-1-27', '1');
INSERT INTO `resources` VALUES ('705', '大数据101', '图片路径101', '资源介绍101', '资源链接101', '资源密码101', '102', '3', '2019-1-27', '1');
INSERT INTO `resources` VALUES ('706', '前端102', '图片路径102', '资源介绍102', '资源链接102', '资源密码102', '103', '1', '2019-1-27', '1');
INSERT INTO `resources` VALUES ('707', '后台103', '图片路径103', '资源介绍103', '资源链接103', '资源密码103', '104', '2', '2019-1-27', '1');
INSERT INTO `resources` VALUES ('708', '大数据104', '图片路径104', '资源介绍104', '资源链接104', '资源密码104', '105', '3', '2019-1-27', '1');
INSERT INTO `resources` VALUES ('709', '前端105', '图片路径105', '资源介绍105', '资源链接105', '资源密码105', '106', '1', '2019-1-27', '1');
INSERT INTO `resources` VALUES ('710', '后台106', '图片路径106', '资源介绍106', '资源链接106', '资源密码106', '107', '2', '2019-1-27', '1');
INSERT INTO `resources` VALUES ('711', '大数据107', '图片路径107', '资源介绍107', '资源链接107', '资源密码107', '108', '3', '2019-1-27', '1');
INSERT INTO `resources` VALUES ('712', '前端108', '图片路径108', '资源介绍108', '资源链接108', '资源密码108', '109', '1', '2019-1-27', '1');
INSERT INTO `resources` VALUES ('713', '后台109', '图片路径109', '资源介绍109', '资源链接109', '资源密码109', '110', '2', '2019-1-27', '1');
INSERT INTO `resources` VALUES ('714', '大数据110', '图片路径110', '资源介绍110', '资源链接110', '资源密码110', '111', '3', '2019-1-27', '1');
INSERT INTO `resources` VALUES ('715', '前端111', '图片路径111', '资源介绍111', '资源链接111', '资源密码111', '112', '1', '2019-1-27', '1');
INSERT INTO `resources` VALUES ('716', '后台112', '图片路径112', '资源介绍112', '资源链接112', '资源密码112', '113', '2', '2019-1-27', '1');
INSERT INTO `resources` VALUES ('717', '大数据113', '图片路径113', '资源介绍113', '资源链接113', '资源密码113', '114', '3', '2019-1-27', '1');
INSERT INTO `resources` VALUES ('718', '前端114', '图片路径114', '资源介绍114', '资源链接114', '资源密码114', '115', '1', '2019-1-27', '1');
INSERT INTO `resources` VALUES ('719', '后台115', '图片路径115', '资源介绍115', '资源链接115', '资源密码115', '116', '2', '2019-1-27', '1');
INSERT INTO `resources` VALUES ('720', '大数据116', '图片路径116', '资源介绍116', '资源链接116', '资源密码116', '117', '3', '2019-1-27', '1');
INSERT INTO `resources` VALUES ('721', '前端117', '图片路径117', '资源介绍117', '资源链接117', '资源密码117', '118', '1', '2019-1-27', '1');
INSERT INTO `resources` VALUES ('722', '后台118', '图片路径118', '资源介绍118', '资源链接118', '资源密码118', '119', '2', '2019-1-27', '1');
INSERT INTO `resources` VALUES ('723', '大数据119', '图片路径119', '资源介绍119', '资源链接119', '资源密码119', '120', '3', '2019-1-27', '1');
INSERT INTO `resources` VALUES ('724', '前端120', '图片路径120', '资源介绍120', '资源链接120', '资源密码120', '121', '1', '2019-1-27', '1');
INSERT INTO `resources` VALUES ('725', '后台121', '图片路径121', '资源介绍121', '资源链接121', '资源密码121', '122', '2', '2019-1-27', '1');
INSERT INTO `resources` VALUES ('726', '大数据122', '图片路径122', '资源介绍122', '资源链接122', '资源密码122', '123', '3', '2019-1-27', '1');
INSERT INTO `resources` VALUES ('727', '前端123', '图片路径123', '资源介绍123', '资源链接123', '资源密码123', '124', '1', '2019-1-27', '1');
INSERT INTO `resources` VALUES ('728', '后台124', '图片路径124', '资源介绍124', '资源链接124', '资源密码124', '125', '2', '2019-1-27', '1');
INSERT INTO `resources` VALUES ('729', '大数据125', '图片路径125', '资源介绍125', '资源链接125', '资源密码125', '126', '3', '2019-1-27', '1');
INSERT INTO `resources` VALUES ('730', '前端126', '图片路径126', '资源介绍126', '资源链接126', '资源密码126', '127', '1', '2019-1-27', '1');
INSERT INTO `resources` VALUES ('731', '后台127', '图片路径127', '资源介绍127', '资源链接127', '资源密码127', '128', '2', '2019-1-27', '1');
INSERT INTO `resources` VALUES ('732', '大数据128', '图片路径128', '资源介绍128', '资源链接128', '资源密码128', '129', '3', '2019-1-27', '1');
INSERT INTO `resources` VALUES ('733', '前端129', '图片路径129', '资源介绍129', '资源链接129', '资源密码129', '130', '1', '2019-1-27', '1');
INSERT INTO `resources` VALUES ('734', '后台130', '图片路径130', '资源介绍130', '资源链接130', '资源密码130', '131', '2', '2019-1-27', '1');
INSERT INTO `resources` VALUES ('735', '大数据131', '图片路径131', '资源介绍131', '资源链接131', '资源密码131', '132', '3', '2019-1-27', '1');
INSERT INTO `resources` VALUES ('736', '前端132', '图片路径132', '资源介绍132', '资源链接132', '资源密码132', '133', '1', '2019-1-27', '1');
INSERT INTO `resources` VALUES ('737', '后台133', '图片路径133', '资源介绍133', '资源链接133', '资源密码133', '134', '2', '2019-1-27', '1');
INSERT INTO `resources` VALUES ('738', '大数据134', '图片路径134', '资源介绍134', '资源链接134', '资源密码134', '135', '3', '2019-1-27', '1');
INSERT INTO `resources` VALUES ('739', '前端135', '图片路径135', '资源介绍135', '资源链接135', '资源密码135', '136', '1', '2019-1-27', '1');
INSERT INTO `resources` VALUES ('740', '后台136', '图片路径136', '资源介绍136', '资源链接136', '资源密码136', '137', '2', '2019-1-27', '1');
INSERT INTO `resources` VALUES ('741', '大数据137', '图片路径137', '资源介绍137', '资源链接137', '资源密码137', '138', '3', '2019-1-27', '1');
INSERT INTO `resources` VALUES ('742', '前端138', '图片路径138', '资源介绍138', '资源链接138', '资源密码138', '139', '1', '2019-1-27', '1');
INSERT INTO `resources` VALUES ('743', '后台139', '图片路径139', '资源介绍139', '资源链接139', '资源密码139', '140', '2', '2019-1-27', '1');
INSERT INTO `resources` VALUES ('744', '大数据140', '图片路径140', '资源介绍140', '资源链接140', '资源密码140', '141', '3', '2019-1-27', '1');
INSERT INTO `resources` VALUES ('745', '前端141', '图片路径141', '资源介绍141', '资源链接141', '资源密码141', '142', '1', '2019-1-27', '1');
INSERT INTO `resources` VALUES ('746', '后台142', '图片路径142', '资源介绍142', '资源链接142', '资源密码142', '143', '2', '2019-1-27', '1');
INSERT INTO `resources` VALUES ('747', '大数据143', '图片路径143', '资源介绍143', '资源链接143', '资源密码143', '144', '3', '2019-1-27', '1');
INSERT INTO `resources` VALUES ('748', '前端144', '图片路径144', '资源介绍144', '资源链接144', '资源密码144', '145', '1', '2019-1-27', '1');
INSERT INTO `resources` VALUES ('749', '后台145', '图片路径145', '资源介绍145', '资源链接145', '资源密码145', '146', '2', '2019-1-27', '1');
INSERT INTO `resources` VALUES ('750', '大数据146', '图片路径146', '资源介绍146', '资源链接146', '资源密码146', '147', '3', '2019-1-27', '1');
INSERT INTO `resources` VALUES ('751', '前端147', '图片路径147', '资源介绍147', '资源链接147', '资源密码147', '148', '1', '2019-1-27', '1');
INSERT INTO `resources` VALUES ('752', '后台148', '图片路径148', '资源介绍148', '资源链接148', '资源密码148', '149', '2', '2019-1-27', '1');
INSERT INTO `resources` VALUES ('753', '大数据149', '图片路径149', '资源介绍149', '资源链接149', '资源密码149', '150', '3', '2019-1-27', '1');
INSERT INTO `resources` VALUES ('754', '前端150', '图片路径150', '资源介绍150', '资源链接150', '资源密码150', '151', '1', '2019-1-27', '1');
INSERT INTO `resources` VALUES ('755', '后台151', '图片路径151', '资源介绍151', '资源链接151', '资源密码151', '152', '2', '2019-1-27', '1');
INSERT INTO `resources` VALUES ('756', '大数据152', '图片路径152', '资源介绍152', '资源链接152', '资源密码152', '153', '3', '2019-1-27', '1');
INSERT INTO `resources` VALUES ('757', '前端153', '图片路径153', '资源介绍153', '资源链接153', '资源密码153', '154', '1', '2019-1-27', '1');
INSERT INTO `resources` VALUES ('758', '后台154', '图片路径154', '资源介绍154', '资源链接154', '资源密码154', '155', '2', '2019-1-27', '1');
INSERT INTO `resources` VALUES ('759', '大数据155', '图片路径155', '资源介绍155', '资源链接155', '资源密码155', '156', '3', '2019-1-27', '1');
INSERT INTO `resources` VALUES ('760', '前端156', '图片路径156', '资源介绍156', '资源链接156', '资源密码156', '157', '1', '2019-1-27', '1');
INSERT INTO `resources` VALUES ('761', '后台157', '图片路径157', '资源介绍157', '资源链接157', '资源密码157', '158', '2', '2019-1-27', '1');
INSERT INTO `resources` VALUES ('762', '大数据158', '图片路径158', '资源介绍158', '资源链接158', '资源密码158', '159', '3', '2019-1-27', '1');
INSERT INTO `resources` VALUES ('763', '前端159', '图片路径159', '资源介绍159', '资源链接159', '资源密码159', '160', '1', '2019-1-27', '1');
INSERT INTO `resources` VALUES ('764', '后台160', '图片路径160', '资源介绍160', '资源链接160', '资源密码160', '161', '2', '2019-1-27', '1');
INSERT INTO `resources` VALUES ('765', '大数据161', '图片路径161', '资源介绍161', '资源链接161', '资源密码161', '162', '3', '2019-1-27', '1');
INSERT INTO `resources` VALUES ('766', '前端162', '图片路径162', '资源介绍162', '资源链接162', '资源密码162', '163', '1', '2019-1-27', '1');
INSERT INTO `resources` VALUES ('767', '后台163', '图片路径163', '资源介绍163', '资源链接163', '资源密码163', '164', '2', '2019-1-27', '1');
INSERT INTO `resources` VALUES ('768', '大数据164', '图片路径164', '资源介绍164', '资源链接164', '资源密码164', '165', '3', '2019-1-27', '1');
INSERT INTO `resources` VALUES ('769', '前端165', '图片路径165', '资源介绍165', '资源链接165', '资源密码165', '166', '1', '2019-1-27', '1');
INSERT INTO `resources` VALUES ('770', '后台166', '图片路径166', '资源介绍166', '资源链接166', '资源密码166', '167', '2', '2019-1-27', '1');
INSERT INTO `resources` VALUES ('771', '大数据167', '图片路径167', '资源介绍167', '资源链接167', '资源密码167', '168', '3', '2019-1-27', '1');
INSERT INTO `resources` VALUES ('772', '前端168', '图片路径168', '资源介绍168', '资源链接168', '资源密码168', '169', '1', '2019-1-27', '1');
INSERT INTO `resources` VALUES ('773', '后台169', '图片路径169', '资源介绍169', '资源链接169', '资源密码169', '170', '2', '2019-1-27', '1');
INSERT INTO `resources` VALUES ('774', '大数据170', '图片路径170', '资源介绍170', '资源链接170', '资源密码170', '171', '3', '2019-1-27', '1');
INSERT INTO `resources` VALUES ('775', '前端171', '图片路径171', '资源介绍171', '资源链接171', '资源密码171', '172', '1', '2019-1-27', '1');
INSERT INTO `resources` VALUES ('776', '后台172', '图片路径172', '资源介绍172', '资源链接172', '资源密码172', '173', '2', '2019-1-27', '1');
INSERT INTO `resources` VALUES ('777', '大数据173', '图片路径173', '资源介绍173', '资源链接173', '资源密码173', '174', '3', '2019-1-27', '1');
INSERT INTO `resources` VALUES ('778', '前端174', '图片路径174', '资源介绍174', '资源链接174', '资源密码174', '175', '1', '2019-1-27', '1');
INSERT INTO `resources` VALUES ('779', '后台175', '图片路径175', '资源介绍175', '资源链接175', '资源密码175', '176', '2', '2019-1-27', '1');
INSERT INTO `resources` VALUES ('780', '大数据176', '图片路径176', '资源介绍176', '资源链接176', '资源密码176', '177', '3', '2019-1-27', '1');
INSERT INTO `resources` VALUES ('781', '前端177', '图片路径177', '资源介绍177', '资源链接177', '资源密码177', '178', '1', '2019-1-27', '1');
INSERT INTO `resources` VALUES ('782', '后台178', '图片路径178', '资源介绍178', '资源链接178', '资源密码178', '179', '2', '2019-1-27', '1');
INSERT INTO `resources` VALUES ('783', '大数据179', '图片路径179', '资源介绍179', '资源链接179', '资源密码179', '180', '3', '2019-1-27', '1');
INSERT INTO `resources` VALUES ('784', '前端180', '图片路径180', '资源介绍180', '资源链接180', '资源密码180', '181', '1', '2019-1-27', '1');
INSERT INTO `resources` VALUES ('785', '后台181', '图片路径181', '资源介绍181', '资源链接181', '资源密码181', '182', '2', '2019-1-27', '1');
INSERT INTO `resources` VALUES ('786', '大数据182', '图片路径182', '资源介绍182', '资源链接182', '资源密码182', '183', '3', '2019-1-27', '1');
INSERT INTO `resources` VALUES ('787', '前端183', '图片路径183', '资源介绍183', '资源链接183', '资源密码183', '184', '1', '2019-1-27', '1');
INSERT INTO `resources` VALUES ('788', '后台184', '图片路径184', '资源介绍184', '资源链接184', '资源密码184', '185', '2', '2019-1-27', '1');
INSERT INTO `resources` VALUES ('789', '大数据185', '图片路径185', '资源介绍185', '资源链接185', '资源密码185', '186', '3', '2019-1-27', '1');
INSERT INTO `resources` VALUES ('790', '前端186', '图片路径186', '资源介绍186', '资源链接186', '资源密码186', '187', '1', '2019-1-27', '1');
INSERT INTO `resources` VALUES ('791', '后台187', '图片路径187', '资源介绍187', '资源链接187', '资源密码187', '188', '2', '2019-1-27', '1');
INSERT INTO `resources` VALUES ('792', '大数据188', '图片路径188', '资源介绍188', '资源链接188', '资源密码188', '189', '3', '2019-1-27', '1');
INSERT INTO `resources` VALUES ('793', '前端189', '图片路径189', '资源介绍189', '资源链接189', '资源密码189', '190', '1', '2019-1-27', '1');
INSERT INTO `resources` VALUES ('794', '后台190', '图片路径190', '资源介绍190', '资源链接190', '资源密码190', '191', '2', '2019-1-27', '1');
INSERT INTO `resources` VALUES ('795', '大数据191', '图片路径191', '资源介绍191', '资源链接191', '资源密码191', '192', '3', '2019-1-27', '1');
INSERT INTO `resources` VALUES ('796', '前端192', '图片路径192', '资源介绍192', '资源链接192', '资源密码192', '193', '1', '2019-1-27', '1');
INSERT INTO `resources` VALUES ('797', '后台193', '图片路径193', '资源介绍193', '资源链接193', '资源密码193', '194', '2', '2019-1-27', '1');
INSERT INTO `resources` VALUES ('798', '大数据194', '图片路径194', '资源介绍194', '资源链接194', '资源密码194', '195', '3', '2019-1-27', '1');
INSERT INTO `resources` VALUES ('799', '前端195', '图片路径195', '资源介绍195', '资源链接195', '资源密码195', '196', '1', '2019-1-27', '1');
INSERT INTO `resources` VALUES ('800', '后台196', '图片路径196', '资源介绍196', '资源链接196', '资源密码196', '197', '2', '2019-1-27', '1');
INSERT INTO `resources` VALUES ('801', '大数据197', '图片路径197', '资源介绍197', '资源链接197', '资源密码197', '198', '3', '2019-1-27', '1');
INSERT INTO `resources` VALUES ('802', '前端198', '图片路径198', '资源介绍198', '资源链接198', '资源密码198', '199', '1', '2019-1-27', '1');
INSERT INTO `resources` VALUES ('803', '后台199', '图片路径199', '资源介绍199', '资源链接199', '资源密码199', '200', '2', '2019-1-27', '1');
INSERT INTO `resources` VALUES ('804', '大数据200', '图片路径200', '资源介绍200', '资源链接200', '资源密码200', '201', '3', '2019-1-27', '1');
INSERT INTO `resources` VALUES ('805', '前端201', '图片路径201', '资源介绍201', '资源链接201', '资源密码201', '202', '1', '2019-1-27', '1');
INSERT INTO `resources` VALUES ('806', '后台202', '图片路径202', '资源介绍202', '资源链接202', '资源密码202', '203', '2', '2019-1-27', '1');
INSERT INTO `resources` VALUES ('807', '大数据203', '图片路径203', '资源介绍203', '资源链接203', '资源密码203', '204', '3', '2019-1-27', '1');
INSERT INTO `resources` VALUES ('808', '前端204', '图片路径204', '资源介绍204', '资源链接204', '资源密码204', '205', '1', '2019-1-27', '1');
INSERT INTO `resources` VALUES ('809', '后台205', '图片路径205', '资源介绍205', '资源链接205', '资源密码205', '206', '2', '2019-1-27', '1');
INSERT INTO `resources` VALUES ('810', '大数据206', '图片路径206', '资源介绍206', '资源链接206', '资源密码206', '207', '3', '2019-1-27', '1');
INSERT INTO `resources` VALUES ('811', '前端207', '图片路径207', '资源介绍207', '资源链接207', '资源密码207', '208', '1', '2019-1-27', '1');
INSERT INTO `resources` VALUES ('812', '后台208', '图片路径208', '资源介绍208', '资源链接208', '资源密码208', '209', '2', '2019-1-27', '1');
INSERT INTO `resources` VALUES ('813', '大数据209', '图片路径209', '资源介绍209', '资源链接209', '资源密码209', '210', '3', '2019-1-27', '1');
INSERT INTO `resources` VALUES ('814', '前端210', '图片路径210', '资源介绍210', '资源链接210', '资源密码210', '211', '1', '2019-1-27', '1');
INSERT INTO `resources` VALUES ('815', '后台211', '图片路径211', '资源介绍211', '资源链接211', '资源密码211', '212', '2', '2019-1-27', '1');
INSERT INTO `resources` VALUES ('816', '大数据212', '图片路径212', '资源介绍212', '资源链接212', '资源密码212', '213', '3', '2019-1-27', '1');
INSERT INTO `resources` VALUES ('817', '前端213', '图片路径213', '资源介绍213', '资源链接213', '资源密码213', '214', '1', '2019-1-27', '1');
INSERT INTO `resources` VALUES ('818', '后台214', '图片路径214', '资源介绍214', '资源链接214', '资源密码214', '215', '2', '2019-1-27', '1');
INSERT INTO `resources` VALUES ('819', '大数据215', '图片路径215', '资源介绍215', '资源链接215', '资源密码215', '216', '3', '2019-1-27', '1');
INSERT INTO `resources` VALUES ('820', '前端216', '图片路径216', '资源介绍216', '资源链接216', '资源密码216', '217', '1', '2019-1-27', '1');
INSERT INTO `resources` VALUES ('821', '后台217', '图片路径217', '资源介绍217', '资源链接217', '资源密码217', '218', '2', '2019-1-27', '1');
INSERT INTO `resources` VALUES ('822', '大数据218', '图片路径218', '资源介绍218', '资源链接218', '资源密码218', '219', '3', '2019-1-27', '1');
INSERT INTO `resources` VALUES ('823', '前端219', '图片路径219', '资源介绍219', '资源链接219', '资源密码219', '220', '1', '2019-1-27', '1');
INSERT INTO `resources` VALUES ('824', '后台220', '图片路径220', '资源介绍220', '资源链接220', '资源密码220', '221', '2', '2019-1-27', '1');
INSERT INTO `resources` VALUES ('825', '大数据221', '图片路径221', '资源介绍221', '资源链接221', '资源密码221', '222', '3', '2019-1-27', '1');
INSERT INTO `resources` VALUES ('826', '前端222', '图片路径222', '资源介绍222', '资源链接222', '资源密码222', '223', '1', '2019-1-27', '1');
INSERT INTO `resources` VALUES ('827', '后台223', '图片路径223', '资源介绍223', '资源链接223', '资源密码223', '224', '2', '2019-1-27', '1');
INSERT INTO `resources` VALUES ('828', '大数据224', '图片路径224', '资源介绍224', '资源链接224', '资源密码224', '225', '3', '2019-1-27', '1');
INSERT INTO `resources` VALUES ('829', '前端225', '图片路径225', '资源介绍225', '资源链接225', '资源密码225', '226', '1', '2019-1-27', '1');
INSERT INTO `resources` VALUES ('830', '后台226', '图片路径226', '资源介绍226', '资源链接226', '资源密码226', '227', '2', '2019-1-27', '1');
INSERT INTO `resources` VALUES ('831', '大数据227', '图片路径227', '资源介绍227', '资源链接227', '资源密码227', '228', '3', '2019-1-27', '1');
INSERT INTO `resources` VALUES ('832', '前端228', '图片路径228', '资源介绍228', '资源链接228', '资源密码228', '229', '1', '2019-1-27', '1');
INSERT INTO `resources` VALUES ('833', '后台229', '图片路径229', '资源介绍229', '资源链接229', '资源密码229', '230', '2', '2019-1-27', '1');
INSERT INTO `resources` VALUES ('834', '大数据230', '图片路径230', '资源介绍230', '资源链接230', '资源密码230', '231', '3', '2019-1-27', '1');
INSERT INTO `resources` VALUES ('835', '前端231', '图片路径231', '资源介绍231', '资源链接231', '资源密码231', '232', '1', '2019-1-27', '1');
INSERT INTO `resources` VALUES ('836', '后台232', '图片路径232', '资源介绍232', '资源链接232', '资源密码232', '233', '2', '2019-1-27', '1');
INSERT INTO `resources` VALUES ('837', '大数据233', '图片路径233', '资源介绍233', '资源链接233', '资源密码233', '234', '3', '2019-1-27', '1');
INSERT INTO `resources` VALUES ('838', '前端234', '图片路径234', '资源介绍234', '资源链接234', '资源密码234', '235', '1', '2019-1-27', '1');
INSERT INTO `resources` VALUES ('839', '后台235', '图片路径235', '资源介绍235', '资源链接235', '资源密码235', '236', '2', '2019-1-27', '1');
INSERT INTO `resources` VALUES ('840', '大数据236', '图片路径236', '资源介绍236', '资源链接236', '资源密码236', '237', '3', '2019-1-27', '1');
INSERT INTO `resources` VALUES ('841', '前端237', '图片路径237', '资源介绍237', '资源链接237', '资源密码237', '238', '1', '2019-1-27', '1');
INSERT INTO `resources` VALUES ('842', '后台238', '图片路径238', '资源介绍238', '资源链接238', '资源密码238', '239', '2', '2019-1-27', '1');
INSERT INTO `resources` VALUES ('843', '大数据239', '图片路径239', '资源介绍239', '资源链接239', '资源密码239', '240', '3', '2019-1-27', '1');
INSERT INTO `resources` VALUES ('844', '前端240', '图片路径240', '资源介绍240', '资源链接240', '资源密码240', '241', '1', '2019-1-27', '1');
INSERT INTO `resources` VALUES ('845', '后台241', '图片路径241', '资源介绍241', '资源链接241', '资源密码241', '242', '2', '2019-1-27', '1');
INSERT INTO `resources` VALUES ('846', '大数据242', '图片路径242', '资源介绍242', '资源链接242', '资源密码242', '243', '3', '2019-1-27', '1');
INSERT INTO `resources` VALUES ('847', '前端243', '图片路径243', '资源介绍243', '资源链接243', '资源密码243', '244', '1', '2019-1-27', '1');
INSERT INTO `resources` VALUES ('848', '后台244', '图片路径244', '资源介绍244', '资源链接244', '资源密码244', '245', '2', '2019-1-27', '1');
INSERT INTO `resources` VALUES ('849', '大数据245', '图片路径245', '资源介绍245', '资源链接245', '资源密码245', '246', '3', '2019-1-27', '1');
INSERT INTO `resources` VALUES ('850', '前端246', '图片路径246', '资源介绍246', '资源链接246', '资源密码246', '247', '1', '2019-1-27', '1');
INSERT INTO `resources` VALUES ('851', '后台247', '图片路径247', '资源介绍247', '资源链接247', '资源密码247', '248', '2', '2019-1-27', '1');
INSERT INTO `resources` VALUES ('852', '大数据248', '图片路径248', '资源介绍248', '资源链接248', '资源密码248', '249', '3', '2019-1-27', '1');
INSERT INTO `resources` VALUES ('853', '前端249', '图片路径249', '资源介绍249', '资源链接249', '资源密码249', '250', '1', '2019-1-27', '1');
INSERT INTO `resources` VALUES ('854', '后台250', '图片路径250', '资源介绍250', '资源链接250', '资源密码250', '251', '2', '2019-1-27', '1');
INSERT INTO `resources` VALUES ('855', '大数据251', '图片路径251', '资源介绍251', '资源链接251', '资源密码251', '252', '3', '2019-1-27', '1');
INSERT INTO `resources` VALUES ('856', '前端252', '图片路径252', '资源介绍252', '资源链接252', '资源密码252', '253', '1', '2019-1-27', '1');
INSERT INTO `resources` VALUES ('857', '后台253', '图片路径253', '资源介绍253', '资源链接253', '资源密码253', '254', '2', '2019-1-27', '1');
INSERT INTO `resources` VALUES ('858', '大数据254', '图片路径254', '资源介绍254', '资源链接254', '资源密码254', '255', '3', '2019-1-27', '1');
INSERT INTO `resources` VALUES ('859', '前端255', '图片路径255', '资源介绍255', '资源链接255', '资源密码255', '256', '1', '2019-1-27', '1');
INSERT INTO `resources` VALUES ('860', '后台256', '图片路径256', '资源介绍256', '资源链接256', '资源密码256', '257', '2', '2019-1-27', '1');
INSERT INTO `resources` VALUES ('861', '大数据257', '图片路径257', '资源介绍257', '资源链接257', '资源密码257', '258', '3', '2019-1-27', '1');
INSERT INTO `resources` VALUES ('862', '前端258', '图片路径258', '资源介绍258', '资源链接258', '资源密码258', '259', '1', '2019-1-27', '1');
INSERT INTO `resources` VALUES ('863', '后台259', '图片路径259', '资源介绍259', '资源链接259', '资源密码259', '260', '2', '2019-1-27', '1');
INSERT INTO `resources` VALUES ('864', '大数据260', '图片路径260', '资源介绍260', '资源链接260', '资源密码260', '261', '3', '2019-1-27', '1');
INSERT INTO `resources` VALUES ('865', '前端261', '图片路径261', '资源介绍261', '资源链接261', '资源密码261', '262', '1', '2019-1-27', '1');
INSERT INTO `resources` VALUES ('866', '后台262', '图片路径262', '资源介绍262', '资源链接262', '资源密码262', '263', '2', '2019-1-27', '1');
INSERT INTO `resources` VALUES ('867', '大数据263', '图片路径263', '资源介绍263', '资源链接263', '资源密码263', '264', '3', '2019-1-27', '1');
INSERT INTO `resources` VALUES ('868', '前端264', '图片路径264', '资源介绍264', '资源链接264', '资源密码264', '265', '1', '2019-1-27', '1');
INSERT INTO `resources` VALUES ('869', '后台265', '图片路径265', '资源介绍265', '资源链接265', '资源密码265', '266', '2', '2019-1-27', '1');
INSERT INTO `resources` VALUES ('870', '大数据266', '图片路径266', '资源介绍266', '资源链接266', '资源密码266', '267', '3', '2019-1-27', '1');
INSERT INTO `resources` VALUES ('871', '前端267', '图片路径267', '资源介绍267', '资源链接267', '资源密码267', '268', '1', '2019-1-27', '1');
INSERT INTO `resources` VALUES ('872', '后台268', '图片路径268', '资源介绍268', '资源链接268', '资源密码268', '269', '2', '2019-1-27', '1');
INSERT INTO `resources` VALUES ('873', '大数据269', '图片路径269', '资源介绍269', '资源链接269', '资源密码269', '270', '3', '2019-1-27', '1');
INSERT INTO `resources` VALUES ('874', '前端270', '图片路径270', '资源介绍270', '资源链接270', '资源密码270', '271', '1', '2019-1-27', '1');
INSERT INTO `resources` VALUES ('875', '后台271', '图片路径271', '资源介绍271', '资源链接271', '资源密码271', '272', '2', '2019-1-27', '1');
INSERT INTO `resources` VALUES ('876', '大数据272', '图片路径272', '资源介绍272', '资源链接272', '资源密码272', '273', '3', '2019-1-27', '1');
INSERT INTO `resources` VALUES ('877', '前端273', '图片路径273', '资源介绍273', '资源链接273', '资源密码273', '274', '1', '2019-1-27', '1');
INSERT INTO `resources` VALUES ('878', '后台274', '图片路径274', '资源介绍274', '资源链接274', '资源密码274', '275', '2', '2019-1-1', '1');
INSERT INTO `resources` VALUES ('879', '大数据275', '图片路径275', '资源介绍275', '资源链接275', '资源密码275', '276', '3', '2019-1-1', '1');
INSERT INTO `resources` VALUES ('880', '前端276', '图片路径276', '资源介绍276', '资源链接276', '资源密码276', '277', '1', '2019-1-1', '1');
INSERT INTO `resources` VALUES ('881', '后台277', '图片路径277', '资源介绍277', '资源链接277', '资源密码277', '278', '2', '2019-1-2', '1');
INSERT INTO `resources` VALUES ('882', '大数据278', '图片路径278', '资源介绍278', '资源链接278', '资源密码278', '279', '3', '2019-1-2', '1');
INSERT INTO `resources` VALUES ('883', '前端279', '图片路径279', '资源介绍279', '资源链接279', '资源密码279', '280', '1', '2019-1-3', '1');
INSERT INTO `resources` VALUES ('884', '后台280', '图片路径280', '资源介绍280', '资源链接280', '资源密码280', '281', '2', '2019-1-3', '1');
INSERT INTO `resources` VALUES ('885', '大数据281', '图片路径281', '资源介绍281', '资源链接281', '资源密码281', '282', '3', '2019-1-4', '1');
INSERT INTO `resources` VALUES ('886', '前端282', '图片路径282', '资源介绍282', '资源链接282', '资源密码282', '283', '1', '2019-1-5', '1');
INSERT INTO `resources` VALUES ('887', '后台283', '图片路径283', '资源介绍283', '资源链接283', '资源密码283', '284', '2', '2019-1-27', '1');
INSERT INTO `resources` VALUES ('888', '大数据284', '图片路径284', '资源介绍284', '资源链接284', '资源密码284', '285', '3', '2019-1-27', '1');
INSERT INTO `resources` VALUES ('889', '前端285', '图片路径285', '资源介绍285', '资源链接285', '资源密码285', '286', '1', '2019-1-27', '1');
INSERT INTO `resources` VALUES ('890', '后台286', '图片路径286', '资源介绍286', '资源链接286', '资源密码286', '287', '2', '2019-1-6', '1');
INSERT INTO `resources` VALUES ('891', '大数据287', '图片路径287', '资源介绍287', '资源链接287', '资源密码287', '288', '3', '2019-1-8', '1');
INSERT INTO `resources` VALUES ('892', '前端288', '图片路径288', '资源介绍288', '资源链接288', '资源密码288', '289', '1', '2019-1-8', '1');
INSERT INTO `resources` VALUES ('893', '后台289', '图片路径289', '资源介绍289', '资源链接289', '资源密码289', '290', '2', '2019-1-27', '1');
INSERT INTO `resources` VALUES ('894', '大数据290', '图片路径290', '资源介绍290', '资源链接290', '资源密码290', '291', '3', '2019-1-2', '1');
INSERT INTO `resources` VALUES ('895', '前端291', '图片路径291', '资源介绍291', '资源链接291', '资源密码291', '292', '1', '2019-1-2', '1');
INSERT INTO `resources` VALUES ('896', '后台292', '图片路径292', '资源介绍292', '资源链接292', '资源密码292', '293', '2', '2019-1-27', '1');
INSERT INTO `resources` VALUES ('897', '大数据293', '图片路径293', '资源介绍293', '资源链接293', '资源密码293', '294', '3', '2019-1-5', '1');
INSERT INTO `resources` VALUES ('898', '前端294', '图片路径294', '资源介绍294', '资源链接294', '资源密码294', '295', '1', '2019-1-4', '1');
INSERT INTO `resources` VALUES ('899', '后台295', '图片路径295', '资源介绍295', '资源链接295', '资源密码295', '5', '2', '2019-1-7', '1');
INSERT INTO `resources` VALUES ('900', '大数据296', '图片路径296', '资源介绍296', '资源链接296', '资源密码296', '297', '3', '2019-1-27', '1');
INSERT INTO `resources` VALUES ('901', '前端297', '图片路径297', '资源介绍297', '资源链接297', '资源密码297', '298', '1', '2019-1-27', '1');
INSERT INTO `resources` VALUES ('902', '后台298', '图片路径298', '资源介绍298', '资源链接298', '资源密码298', '299', '2', '2019-1-27', '1');
INSERT INTO `resources` VALUES ('903', '大数据299', '图片路径299', '资源介绍299', '资源链接299', '资源密码299', '300', '3', '2019-1-27', '1');
INSERT INTO `resources` VALUES ('904', '小程序1', '图片路径', '资源介绍', '资源链接', '资源密码', '20', '4', '2019-1-28', '1');

-- ----------------------------
-- Table structure for `resourceskind`
-- ----------------------------
DROP TABLE IF EXISTS `resourceskind`;
CREATE TABLE `resourceskind` (
  `kindid` int(10) unsigned NOT NULL AUTO_INCREMENT COMMENT '资源种类标识',
  `kindname` varchar(64) NOT NULL COMMENT '资源种类名称',
  PRIMARY KEY (`kindid`),
  UNIQUE KEY `resources_index` (`kindid`)
) ENGINE=InnoDB AUTO_INCREMENT=5 DEFAULT CHARSET=utf8 COMMENT='资源种类';

-- ----------------------------
-- Records of resourceskind
-- ----------------------------
INSERT INTO `resourceskind` VALUES ('1', '前端');
INSERT INTO `resourceskind` VALUES ('2', '后台');
INSERT INTO `resourceskind` VALUES ('3', '大数据');
INSERT INTO `resourceskind` VALUES ('4', '小程序');

-- ----------------------------
-- Table structure for `submit`
-- ----------------------------
DROP TABLE IF EXISTS `submit`;
CREATE TABLE `submit` (
  `submitid` int(11) unsigned NOT NULL AUTO_INCREMENT COMMENT '用户提交资源标识',
  `openid` varchar(64) NOT NULL COMMENT '用户标识',
  `resourcesname` varchar(64) NOT NULL COMMENT '用户提交资源名称',
  `resourcesintroduction` varchar(64) NOT NULL COMMENT '用户提交资源简介',
  `resourceslink` varchar(64) NOT NULL COMMENT '用户提交资源网盘链接',
  `resourcespassword` varchar(12) NOT NULL COMMENT '用户提交资源网盘密码',
  `approved` tinyint(4) unsigned NOT NULL DEFAULT '0' COMMENT '是否通过审核,1标识通过审核',
  `publish` varchar(40) NOT NULL,
  PRIMARY KEY (`submitid`)
) ENGINE=InnoDB AUTO_INCREMENT=26 DEFAULT CHARSET=utf8 COMMENT='用户提交资源表';

-- ----------------------------
-- Records of submit
-- ----------------------------
INSERT INTO `submit` VALUES ('15', 'o_TgL0TET3FID0mIi2QO-t1Jz-Kw', '资源名称', '资源描述', 'https://www.baidu.com', 'd5s5', '0', '2019-11-1');
INSERT INTO `submit` VALUES ('16', 'o_TgL0TET3FID0mIi2QO-t1Jz-Kw', 'dsfdsfsdfffsdfsdfdsfsdfsdfsd', 'sfsdfdsfdsfdsfsdfsdfsdfsdf', 'fsfsdfsdfsdfsdfdsfsdfdsfdsfsdfdsfdsf', 'sdfsdfsdfd', '0', '2019-1-2');
INSERT INTO `submit` VALUES ('17', 'o_TgL0TET3FID0mIi2QO-t1Jz-Kw', 'fdsf', 'fsf', '454', '54', '0', '2019-1-3');
INSERT INTO `submit` VALUES ('18', 'o_TgL0TET3FID0mIi2QO-t1Jz-Kw', '5', '3', '256', '656', '0', '2019-1-4');
INSERT INTO `submit` VALUES ('19', 'o_TgL0TET3FID0mIi2QO-t1Jz-Kw', '454545', '5454', '54454', '4545', '0', '2019-1-5');
INSERT INTO `submit` VALUES ('20', 'o_TgL0TET3FID0mIi2QO-t1Jz-Kw', '545454', '5545', '45454', '5545454', '0', '2019-10-6');
INSERT INTO `submit` VALUES ('21', 'o_TgL0TET3FID0mIi2QO-t1Jz-Kw', '111111', '111111', '111111', '111111', '0', '2019-10-7');
INSERT INTO `submit` VALUES ('22', 'o_TgL0TET3FID0mIi2QO-t1Jz-Kw', '11111111111111111111111111111111111111111111111111', '1', '1', '1', '0', '2019-2-5');
INSERT INTO `submit` VALUES ('23', 'o_TgL0TET3FID0mIi2QO-t1Jz-Kw', '资源名称', '资源描述', '网盘链接', '', '0', '2019-2-6');
INSERT INTO `submit` VALUES ('24', 'o_TgL0TET3FID0mIi2QO-t1Jz-Kw', 'ziayu资源名称', '资源描述', '网盘链接', '网盘密码', '0', '2019-2-6');
INSERT INTO `submit` VALUES ('25', 'o_TgL0TET3FID0mIi2QO-t1Jz-Kw', '去', ' 我', ' 我', ' 我我我', '0', '2019-2-7');

-- ----------------------------
-- Table structure for `time`
-- ----------------------------
DROP TABLE IF EXISTS `time`;
CREATE TABLE `time` (
  `time` datetime DEFAULT NULL
) ENGINE=InnoDB DEFAULT CHARSET=utf8;

-- ----------------------------
-- Records of time
-- ----------------------------
INSERT INTO `time` VALUES ('2019-04-11 15:54:55');
INSERT INTO `time` VALUES ('2019-01-09 15:56:12');

-- ----------------------------
-- Table structure for `user`
-- ----------------------------
DROP TABLE IF EXISTS `user`;
CREATE TABLE `user` (
  `openid` varchar(64) NOT NULL COMMENT '用户标识',
  `unionid` varchar(64) DEFAULT NULL,
  `avatarurl` varchar(255) DEFAULT NULL COMMENT '微信头像',
  `nickname` varchar(64) DEFAULT NULL COMMENT '用户昵称',
  `photo` varchar(128) DEFAULT NULL COMMENT '用户头像地址',
  `email` varchar(64) DEFAULT NULL COMMENT '用户email',
  `address` varchar(64) DEFAULT NULL COMMENT '用户地址',
  `integral` int(10) unsigned NOT NULL DEFAULT '0' COMMENT '用户积分',
  `sign` varchar(24) DEFAULT NULL COMMENT '用户签到时间',
  `randomsign` varchar(24) DEFAULT NULL COMMENT '用户随机签到时间',
  PRIMARY KEY (`openid`),
  UNIQUE KEY `user_index` (`openid`)
) ENGINE=InnoDB DEFAULT CHARSET=utf8 COMMENT='用户表';

-- ----------------------------
-- Records of user
-- ----------------------------
INSERT INTO `user` VALUES ('445454d5fgdfgg', null, null, null, null, null, null, '200', null, '2019-4-10');
INSERT INTO `user` VALUES ('55sdsadsad', null, null, null, null, null, null, '0', null, '2019-4-10');
INSERT INTO `user` VALUES ('dfd', null, null, null, null, null, null, '0', null, '2019-4-10');
INSERT INTO `user` VALUES ('dff87878787ghgh', null, null, null, null, null, null, '100', '2019-4-10', null);
INSERT INTO `user` VALUES ('dgfdhggfh', null, null, null, null, null, null, '0', '2019-4-10', null);
INSERT INTO `user` VALUES ('dsdfdhfghg', null, null, null, null, null, null, '0', '2019-4-10', null);
INSERT INTO `user` VALUES ('fdgfdgfgf', null, null, null, null, null, null, '0', null, '2019-4-10');
INSERT INTO `user` VALUES ('fdgfhgfhfgh', null, null, null, null, null, null, '0', null, '2019-4-10');
INSERT INTO `user` VALUES ('fdgfhgfhgfhfg', null, null, null, null, null, null, '0', null, '2019-4-10');
INSERT INTO `user` VALUES ('gdf54545454jhj87815', null, null, null, null, null, null, '1200', '2019-4-10', null);
INSERT INTO `user` VALUES ('gfhghghghg', null, null, null, null, null, null, '0', null, '2019-4-10');
INSERT INTO `user` VALUES ('hgfhgfhjgf', null, null, null, null, null, null, '0', '2019-4-10', null);
INSERT INTO `user` VALUES ('hgjhgkjhkhjkhjk', null, null, null, null, null, null, '0', null, '2019-4-10');
INSERT INTO `user` VALUES ('oklokoko', null, null, null, null, null, null, '0', null, '2019-4-19');
INSERT INTO `user` VALUES ('o_TgL0TET3FID0mIi2QO-t1Jz-Kw', null, 'https://wx.qlogo.cn/mmopen/vi_32/XDgQlZGKI0PbAfjUzFpz4OKjR77Jsick7IH7IRJboicAAarTqoYOZcPBRjPuo1SwswaBkFvy9v4wAV1rgyH3aWhw/132', '丁飞', null, null, null, '790', '2019-4-16 01:40:04', '2019-4-16 01:40:06');
INSERT INTO `user` VALUES ('sadsdkjkljfdghjhgj', null, 'https://wx.qlogo.cn/mmopen/vi_32/XDgQlZGKI0PbAfjUzFpz4OKjR77Jsick7IH7IRJboicAAarTqoYOZcPBRjPuo1SwswaBkFvy9v4wAV1rgyH3aWhw/132', '丁飞', null, null, null, '0', null, null);
